,C,Precision,Recall,Fscore
1,0.001,0.4996,1.0,0.714
2,0.002,0.5821,0.8998,0.7386
3,0.003,0.6812,0.7062,0.696
4,0.004,0.677,0.7629,0.7261
5,0.005,0.6671,0.7896,0.7356
6,0.006,0.662,0.7913,0.734
7,0.007,0.6616,0.793,0.7346
8,0.008,0.6625,0.7997,0.7385
9,0.009,0.6612,0.808,0.7421
10,0.01,0.6604,0.818,0.7467
11,0.011,0.6565,0.823,0.7472
12,0.012,0.6582,0.8264,0.7498
13,0.013,0.6587,0.828,0.7508
14,0.014,0.6592,0.8331,0.7536
15,0.015,0.6588,0.8381,0.7558
16,0.016,0.6601,0.8331,0.7541
17,0.017,0.6601,0.8331,0.7541
18,0.018,0.6618,0.8297,0.7533
19,0.019,0.6631,0.8314,0.7548
20,0.02,0.664,0.8347,0.7569
21,0.021,0.6662,0.8364,0.7589
22,0.022,0.6658,0.8347,0.7578
23,0.023,0.6644,0.8331,0.7563
24,0.024,0.6614,0.8314,0.7539
25,0.025,0.6622,0.8314,0.7543
26,0.026,0.6609,0.8331,0.7545
27,0.027,0.6579,0.8314,0.7521
28,0.028,0.6622,0.8314,0.7543
29,0.029,0.6605,0.8314,0.7534
30,0.03,0.6667,0.8314,0.7566
31,0.031,0.668,0.8331,0.7581
32,0.032,0.6698,0.8297,0.7574
33,0.033,0.6698,0.8297,0.7574
34,0.034,0.6703,0.828,0.7568
35,0.035,0.6739,0.828,0.7586
36,0.036,0.6758,0.8247,0.7579
37,0.037,0.6767,0.8247,0.7584
38,0.038,0.6763,0.823,0.7573
39,0.039,0.6781,0.823,0.7582
40,0.04,0.6786,0.8247,0.7593
41,0.041,0.6823,0.8247,0.7612
42,0.042,0.6833,0.8247,0.7617
43,0.043,0.6842,0.8247,0.7621
44,0.044,0.6843,0.8214,0.7605
45,0.045,0.6833,0.8214,0.76
46,0.046,0.6848,0.8197,0.7598
47,0.047,0.6867,0.8197,0.7608
48,0.048,0.6886,0.8197,0.7617
49,0.049,0.6886,0.8197,0.7617
50,0.05,0.6901,0.818,0.7615
51,0.051,0.6921,0.818,0.7625
52,0.052,0.695,0.818,0.7639
53,0.053,0.6945,0.8197,0.7646
54,0.054,0.6955,0.8197,0.7651
55,0.055,0.696,0.818,0.7644
56,0.056,0.696,0.818,0.7644
57,0.057,0.6976,0.8164,0.7643
58,0.058,0.6976,0.8164,0.7643
59,0.059,0.6976,0.8164,0.7643
60,0.06,0.6976,0.8164,0.7643
61,0.061,0.6971,0.8147,0.7632
62,0.062,0.6971,0.8147,0.7632
63,0.063,0.6967,0.813,0.7621
64,0.064,0.6954,0.808,0.7589
65,0.065,0.6984,0.808,0.7603
66,0.066,0.699,0.8063,0.7597
67,0.067,0.7016,0.8047,0.76
68,0.068,0.7026,0.8047,0.7605
69,0.069,0.7057,0.8047,0.7619
70,0.07,0.7078,0.8047,0.7629
71,0.071,0.712,0.8047,0.7649
72,0.072,0.7136,0.803,0.7647
73,0.073,0.7147,0.803,0.7652
74,0.074,0.7147,0.803,0.7652
75,0.075,0.719,0.803,0.7671
76,0.076,0.7201,0.803,0.7677
77,0.077,0.7201,0.803,0.7677
78,0.078,0.7222,0.803,0.7686
79,0.079,0.7222,0.803,0.7686
80,0.08,0.7248,0.8047,0.7707
81,0.081,0.7274,0.8063,0.7728
82,0.082,0.7274,0.8063,0.7728
83,0.083,0.7274,0.8063,0.7728
84,0.084,0.7296,0.8063,0.7738
85,0.085,0.7307,0.8063,0.7743
86,0.086,0.7318,0.8063,0.7748
87,0.087,0.734,0.8063,0.7757
88,0.088,0.7352,0.8063,0.7763
89,0.089,0.7348,0.8047,0.7752
90,0.09,0.7355,0.803,0.7746
91,0.091,0.7355,0.803,0.7746
92,0.092,0.7377,0.803,0.7755
93,0.093,0.7389,0.803,0.7761
94,0.094,0.7411,0.803,0.777
95,0.095,0.7411,0.803,0.777
96,0.096,0.7419,0.8013,0.7764
97,0.097,0.7419,0.8013,0.7764
98,0.098,0.7419,0.8013,0.7764
99,0.099,0.7419,0.8013,0.7764
100,0.1,0.743,0.8013,0.7769
101,0.101,0.7438,0.7997,0.7764
102,0.102,0.7449,0.7997,0.7768
103,0.103,0.7449,0.7997,0.7768
104,0.104,0.7461,0.7997,0.7774
105,0.105,0.7473,0.7997,0.7779
106,0.106,0.7473,0.7997,0.7779
107,0.107,0.7469,0.798,0.7767
108,0.108,0.7476,0.7963,0.7761
109,0.109,0.7469,0.793,0.7739
110,0.11,0.7469,0.793,0.7739
111,0.111,0.7469,0.793,0.7739
112,0.112,0.748,0.793,0.7744
113,0.113,0.75,0.7913,0.7742
114,0.114,0.75,0.7913,0.7742
115,0.115,0.7508,0.7896,0.7736
116,0.116,0.7504,0.788,0.7725
117,0.117,0.7504,0.788,0.7725
118,0.118,0.7516,0.788,0.773
119,0.119,0.7528,0.788,0.7735
120,0.12,0.7528,0.788,0.7735
121,0.121,0.7524,0.7863,0.7724
122,0.122,0.7524,0.7863,0.7724
123,0.123,0.7548,0.7863,0.7734
124,0.124,0.7556,0.7846,0.7727
125,0.125,0.7568,0.7846,0.7732
126,0.126,0.7568,0.7846,0.7732
127,0.127,0.7568,0.7846,0.7732
128,0.128,0.7593,0.7846,0.7743
129,0.129,0.7605,0.7846,0.7748
130,0.13,0.7605,0.7846,0.7748
131,0.131,0.7618,0.7846,0.7753
132,0.132,0.7614,0.783,0.7742
133,0.133,0.761,0.7813,0.7731
134,0.134,0.7622,0.7813,0.7735
135,0.135,0.7651,0.783,0.7757
136,0.136,0.7647,0.7813,0.7746
137,0.137,0.7647,0.7813,0.7746
138,0.138,0.7656,0.7796,0.7739
139,0.139,0.7656,0.7796,0.7739
140,0.14,0.7664,0.778,0.7733
141,0.141,0.7677,0.778,0.7738
142,0.142,0.7673,0.7763,0.7727
143,0.143,0.7673,0.7763,0.7727
144,0.144,0.7673,0.7763,0.7727
145,0.145,0.7699,0.7763,0.7737
146,0.146,0.7699,0.7763,0.7737
147,0.147,0.7699,0.7763,0.7737
148,0.148,0.7699,0.7763,0.7737
149,0.149,0.7699,0.7763,0.7737
150,0.15,0.7717,0.773,0.7725
151,0.151,0.773,0.773,0.773
152,0.152,0.773,0.773,0.773
153,0.153,0.7768,0.773,0.7745
154,0.154,0.7782,0.773,0.7751
155,0.155,0.7791,0.7713,0.7744
156,0.156,0.7791,0.7713,0.7744
157,0.157,0.7766,0.7663,0.7704
158,0.158,0.7766,0.7663,0.7704
159,0.159,0.778,0.7663,0.7709
160,0.16,0.7783,0.7679,0.772
161,0.161,0.7783,0.7679,0.772
162,0.162,0.778,0.7663,0.7709
163,0.163,0.7793,0.7663,0.7714
164,0.164,0.7789,0.7646,0.7703
165,0.165,0.7793,0.7663,0.7714
166,0.166,0.7789,0.7646,0.7703
167,0.167,0.7789,0.7646,0.7703
168,0.168,0.7789,0.7646,0.7703
169,0.169,0.7789,0.7646,0.7703
170,0.17,0.7802,0.7646,0.7708
171,0.171,0.7802,0.7646,0.7708
172,0.172,0.7802,0.7646,0.7708
173,0.173,0.7816,0.7646,0.7713
174,0.174,0.7842,0.7646,0.7723
175,0.175,0.7842,0.7646,0.7723
176,0.176,0.7856,0.7646,0.7729
177,0.177,0.7856,0.7646,0.7729
178,0.178,0.7856,0.7646,0.7729
179,0.179,0.7856,0.7646,0.7729
180,0.18,0.7869,0.7646,0.7734
181,0.181,0.7869,0.7646,0.7734
182,0.182,0.7869,0.7646,0.7734
183,0.183,0.7869,0.7646,0.7734
184,0.184,0.7856,0.7646,0.7729
185,0.185,0.7829,0.7646,0.7718
186,0.186,0.7856,0.7646,0.7729
187,0.187,0.7842,0.7646,0.7723
188,0.188,0.7842,0.7646,0.7723
189,0.189,0.7842,0.7646,0.7723
190,0.19,0.7842,0.7646,0.7723
191,0.191,0.786,0.7663,0.7741
192,0.192,0.786,0.7663,0.7741
193,0.193,0.7873,0.7663,0.7746
194,0.194,0.7887,0.7663,0.7751
195,0.195,0.7914,0.7663,0.7761
196,0.196,0.7914,0.7663,0.7761
197,0.197,0.7914,0.7663,0.7761
198,0.198,0.7938,0.7646,0.776
199,0.199,0.7951,0.7646,0.7765
200,0.2,0.7951,0.7646,0.7765
201,0.201,0.7951,0.7646,0.7765
202,0.202,0.7976,0.7629,0.7764
203,0.203,0.7976,0.7629,0.7764
204,0.204,0.799,0.7629,0.7769
205,0.205,0.7976,0.7629,0.7764
206,0.206,0.7976,0.7629,0.7764
207,0.207,0.7976,0.7629,0.7764
208,0.208,0.7986,0.7613,0.7758
209,0.209,0.7986,0.7613,0.7758
210,0.21,0.7986,0.7613,0.7758
211,0.211,0.7986,0.7613,0.7758
212,0.212,0.7979,0.7579,0.7734
213,0.213,0.7979,0.7579,0.7734
214,0.214,0.7979,0.7579,0.7734
215,0.215,0.7979,0.7579,0.7734
216,0.216,0.7979,0.7579,0.7734
217,0.217,0.7993,0.7579,0.7739
218,0.218,0.7993,0.7579,0.7739
219,0.219,0.7993,0.7579,0.7739
220,0.22,0.7979,0.7579,0.7734
221,0.221,0.7979,0.7579,0.7734
222,0.222,0.7979,0.7579,0.7734
223,0.223,0.7979,0.7579,0.7734
224,0.224,0.8007,0.7579,0.7745
225,0.225,0.8021,0.7579,0.775
226,0.226,0.8004,0.7563,0.7733
227,0.227,0.8004,0.7563,0.7733
228,0.228,0.8004,0.7563,0.7733
229,0.229,0.7986,0.7546,0.7716
230,0.23,0.7986,0.7546,0.7716
231,0.231,0.7986,0.7546,0.7716
232,0.232,0.7986,0.7546,0.7716
233,0.233,0.7986,0.7546,0.7716
234,0.234,0.7986,0.7546,0.7716
235,0.235,0.7986,0.7546,0.7716
236,0.236,0.8,0.7546,0.7721
237,0.237,0.8,0.7546,0.7721
238,0.238,0.7996,0.7529,0.7709
239,0.239,0.8007,0.7513,0.7703
240,0.24,0.8007,0.7513,0.7703
241,0.241,0.8018,0.7496,0.7696
242,0.242,0.8018,0.7496,0.7696
243,0.243,0.8018,0.7496,0.7696
244,0.244,0.8018,0.7496,0.7696
245,0.245,0.8018,0.7496,0.7696
246,0.246,0.8018,0.7496,0.7696
247,0.247,0.8018,0.7496,0.7696
248,0.248,0.8018,0.7496,0.7696
249,0.249,0.8032,0.7496,0.7702
250,0.25,0.8004,0.7496,0.7691
251,0.251,0.8032,0.7496,0.7702
252,0.252,0.8032,0.7496,0.7702
253,0.253,0.8032,0.7496,0.7702
254,0.254,0.8029,0.7479,0.769
255,0.255,0.8029,0.7479,0.769
256,0.256,0.8029,0.7479,0.769
257,0.257,0.8029,0.7479,0.769
258,0.258,0.8029,0.7479,0.769
259,0.259,0.8043,0.7479,0.7695
260,0.26,0.8043,0.7479,0.7695
261,0.261,0.8043,0.7479,0.7695
262,0.262,0.8043,0.7479,0.7695
263,0.263,0.804,0.7462,0.7683
264,0.264,0.804,0.7462,0.7683
265,0.265,0.804,0.7462,0.7683
266,0.266,0.8054,0.7462,0.7688
267,0.267,0.8054,0.7462,0.7688
268,0.268,0.8054,0.7462,0.7688
269,0.269,0.8051,0.7446,0.7677
270,0.27,0.8051,0.7446,0.7677
271,0.271,0.8051,0.7446,0.7677
272,0.272,0.8051,0.7446,0.7677
273,0.273,0.8051,0.7446,0.7677
274,0.274,0.8051,0.7446,0.7677
275,0.275,0.8051,0.7446,0.7677
276,0.276,0.8051,0.7446,0.7677
277,0.277,0.8051,0.7446,0.7677
278,0.278,0.8051,0.7446,0.7677
279,0.279,0.8051,0.7446,0.7677
280,0.28,0.8051,0.7446,0.7677
281,0.281,0.8047,0.7429,0.7664
282,0.282,0.8047,0.7429,0.7664
283,0.283,0.8047,0.7429,0.7664
284,0.284,0.8047,0.7429,0.7664
285,0.285,0.8047,0.7429,0.7664
286,0.286,0.8047,0.7429,0.7664
287,0.287,0.8047,0.7429,0.7664
288,0.288,0.8047,0.7429,0.7664
289,0.289,0.8051,0.7446,0.7677
290,0.29,0.8051,0.7446,0.7677
291,0.291,0.8065,0.7446,0.7682
292,0.292,0.8065,0.7446,0.7682
293,0.293,0.8065,0.7446,0.7682
294,0.294,0.8051,0.7446,0.7677
295,0.295,0.8051,0.7446,0.7677
296,0.296,0.8051,0.7446,0.7677
297,0.297,0.8051,0.7446,0.7677
298,0.298,0.8051,0.7446,0.7677
299,0.299,0.8051,0.7446,0.7677
300,0.3,0.8051,0.7446,0.7677
301,0.301,0.8051,0.7446,0.7677
302,0.302,0.8054,0.7462,0.7688
303,0.303,0.8054,0.7462,0.7688
304,0.304,0.804,0.7462,0.7683
305,0.305,0.8043,0.7479,0.7695
306,0.306,0.8043,0.7479,0.7695
307,0.307,0.8043,0.7479,0.7695
308,0.308,0.8058,0.7479,0.77
309,0.309,0.8058,0.7479,0.77
310,0.31,0.8058,0.7479,0.77
311,0.311,0.8058,0.7479,0.77
312,0.312,0.8058,0.7479,0.77
313,0.313,0.8061,0.7496,0.7712
314,0.314,0.8061,0.7496,0.7712
315,0.315,0.8061,0.7496,0.7712
316,0.316,0.8061,0.7496,0.7712
317,0.317,0.8076,0.7496,0.7718
318,0.318,0.805,0.7513,0.7719
319,0.319,0.8061,0.7496,0.7712
320,0.32,0.8065,0.7513,0.7724
321,0.321,0.8065,0.7513,0.7724
322,0.322,0.8065,0.7513,0.7724
323,0.323,0.8065,0.7513,0.7724
324,0.324,0.8065,0.7513,0.7724
325,0.325,0.8065,0.7513,0.7724
326,0.326,0.8065,0.7513,0.7724
327,0.327,0.8061,0.7496,0.7712
328,0.328,0.8058,0.7479,0.77
329,0.329,0.8054,0.7462,0.7688
330,0.33,0.8054,0.7462,0.7688
331,0.331,0.8054,0.7462,0.7688
332,0.332,0.8054,0.7462,0.7688
333,0.333,0.8054,0.7462,0.7688
334,0.334,0.8054,0.7462,0.7688
335,0.335,0.8054,0.7462,0.7688
336,0.336,0.8065,0.7446,0.7682
337,0.337,0.808,0.7446,0.7687
338,0.338,0.8076,0.7429,0.7675
339,0.339,0.8091,0.7429,0.768
340,0.34,0.8106,0.7429,0.7686
341,0.341,0.812,0.7429,0.7691
342,0.342,0.812,0.7429,0.7691
343,0.343,0.812,0.7429,0.7691
344,0.344,0.812,0.7429,0.7691
345,0.345,0.812,0.7429,0.7691
346,0.346,0.8124,0.7446,0.7703
347,0.347,0.8124,0.7446,0.7703
348,0.348,0.8124,0.7446,0.7703
349,0.349,0.8109,0.7446,0.7698
350,0.35,0.8109,0.7446,0.7698
351,0.351,0.8109,0.7446,0.7698
352,0.352,0.8109,0.7446,0.7698
353,0.353,0.8109,0.7446,0.7698
354,0.354,0.8109,0.7446,0.7698
355,0.355,0.8109,0.7446,0.7698
356,0.356,0.8109,0.7446,0.7698
357,0.357,0.8109,0.7446,0.7698
358,0.358,0.8109,0.7446,0.7698
359,0.359,0.8109,0.7446,0.7698
360,0.36,0.8109,0.7446,0.7698
361,0.361,0.8109,0.7446,0.7698
362,0.362,0.8109,0.7446,0.7698
363,0.363,0.8109,0.7446,0.7698
364,0.364,0.8109,0.7446,0.7698
365,0.365,0.8109,0.7446,0.7698
366,0.366,0.8109,0.7446,0.7698
367,0.367,0.8109,0.7446,0.7698
368,0.368,0.8109,0.7446,0.7698
369,0.369,0.8109,0.7446,0.7698
370,0.37,0.8109,0.7446,0.7698
371,0.371,0.8109,0.7446,0.7698
372,0.372,0.8113,0.7462,0.7709
373,0.373,0.8127,0.7462,0.7714
374,0.374,0.8127,0.7462,0.7714
375,0.375,0.8127,0.7462,0.7714
376,0.376,0.8127,0.7462,0.7714
377,0.377,0.8127,0.7462,0.7714
378,0.378,0.8127,0.7462,0.7714
379,0.379,0.8127,0.7462,0.7714
380,0.38,0.8127,0.7462,0.7714
381,0.381,0.8127,0.7462,0.7714
382,0.382,0.8127,0.7462,0.7714
383,0.383,0.8127,0.7462,0.7714
384,0.384,0.8127,0.7462,0.7714
385,0.385,0.8127,0.7462,0.7714
386,0.386,0.8127,0.7462,0.7714
387,0.387,0.8127,0.7462,0.7714
388,0.388,0.8127,0.7462,0.7714
389,0.389,0.8127,0.7462,0.7714
390,0.39,0.8113,0.7462,0.7709
391,0.391,0.8127,0.7462,0.7714
392,0.392,0.8113,0.7462,0.7709
393,0.393,0.8127,0.7462,0.7714
394,0.394,0.8127,0.7462,0.7714
395,0.395,0.8127,0.7462,0.7714
396,0.396,0.8127,0.7462,0.7714
397,0.397,0.8127,0.7462,0.7714
398,0.398,0.8124,0.7446,0.7703
399,0.399,0.8124,0.7446,0.7703
400,0.4,0.8124,0.7446,0.7703
401,0.401,0.8124,0.7446,0.7703
402,0.402,0.8124,0.7446,0.7703
403,0.403,0.8124,0.7446,0.7703
404,0.404,0.8124,0.7446,0.7703
405,0.405,0.8124,0.7446,0.7703
406,0.406,0.8124,0.7446,0.7703
407,0.407,0.8139,0.7446,0.7709
408,0.408,0.8139,0.7446,0.7709
409,0.409,0.8139,0.7446,0.7709
410,0.41,0.8139,0.7446,0.7709
411,0.411,0.8139,0.7446,0.7709
412,0.412,0.8139,0.7446,0.7709
413,0.413,0.8139,0.7446,0.7709
414,0.414,0.8139,0.7446,0.7709
415,0.415,0.8139,0.7446,0.7709
416,0.416,0.8139,0.7446,0.7709
417,0.417,0.8139,0.7446,0.7709
418,0.418,0.8139,0.7446,0.7709
419,0.419,0.8139,0.7446,0.7709
420,0.42,0.8139,0.7446,0.7709
421,0.421,0.8139,0.7446,0.7709
422,0.422,0.8139,0.7446,0.7709
423,0.423,0.8139,0.7446,0.7709
424,0.424,0.8139,0.7446,0.7709
425,0.425,0.8139,0.7446,0.7709
426,0.426,0.8139,0.7446,0.7709
427,0.427,0.8135,0.7429,0.7696
428,0.428,0.8135,0.7429,0.7696
429,0.429,0.815,0.7429,0.7702
430,0.43,0.8165,0.7429,0.7707
431,0.431,0.8165,0.7429,0.7707
432,0.432,0.8165,0.7429,0.7707
433,0.433,0.8165,0.7429,0.7707
434,0.434,0.8165,0.7429,0.7707
435,0.435,0.8165,0.7429,0.7707
436,0.436,0.8165,0.7429,0.7707
437,0.437,0.8165,0.7429,0.7707
438,0.438,0.8165,0.7429,0.7707
439,0.439,0.8165,0.7429,0.7707
440,0.44,0.8165,0.7429,0.7707
441,0.441,0.8165,0.7429,0.7707
442,0.442,0.8165,0.7429,0.7707
443,0.443,0.8165,0.7429,0.7707
444,0.444,0.8165,0.7429,0.7707
445,0.445,0.8165,0.7429,0.7707
446,0.446,0.8165,0.7429,0.7707
447,0.447,0.8165,0.7429,0.7707
448,0.448,0.8165,0.7429,0.7707
449,0.449,0.8165,0.7429,0.7707
450,0.45,0.8165,0.7429,0.7707
451,0.451,0.8165,0.7429,0.7707
452,0.452,0.8165,0.7429,0.7707
453,0.453,0.8165,0.7429,0.7707
454,0.454,0.8165,0.7429,0.7707
455,0.455,0.8165,0.7429,0.7707
456,0.456,0.8165,0.7429,0.7707
457,0.457,0.8165,0.7429,0.7707
458,0.458,0.8165,0.7429,0.7707
459,0.459,0.8165,0.7429,0.7707
460,0.46,0.8165,0.7429,0.7707
461,0.461,0.815,0.7429,0.7702
462,0.462,0.8154,0.7446,0.7714
463,0.463,0.8147,0.7412,0.7689
464,0.464,0.815,0.7429,0.7702
465,0.465,0.815,0.7429,0.7702
466,0.466,0.8154,0.7446,0.7714
467,0.467,0.8147,0.7412,0.7689
468,0.468,0.8147,0.7412,0.7689
469,0.469,0.8147,0.7412,0.7689
470,0.47,0.815,0.7429,0.7702
471,0.471,0.8147,0.7412,0.7689
472,0.472,0.815,0.7429,0.7702
473,0.473,0.815,0.7429,0.7702
474,0.474,0.8147,0.7412,0.7689
475,0.475,0.815,0.7429,0.7702
476,0.476,0.815,0.7429,0.7702
477,0.477,0.815,0.7429,0.7702
478,0.478,0.815,0.7429,0.7702
479,0.479,0.815,0.7429,0.7702
480,0.48,0.815,0.7429,0.7702
481,0.481,0.8147,0.7412,0.7689
482,0.482,0.8147,0.7412,0.7689
483,0.483,0.8147,0.7412,0.7689
484,0.484,0.8147,0.7412,0.7689
485,0.485,0.8147,0.7412,0.7689
486,0.486,0.8147,0.7412,0.7689
487,0.487,0.8147,0.7412,0.7689
488,0.488,0.8147,0.7412,0.7689
489,0.489,0.8147,0.7412,0.7689
490,0.49,0.8162,0.7412,0.7695
491,0.491,0.8177,0.7412,0.77
492,0.492,0.8177,0.7412,0.77
493,0.493,0.8192,0.7412,0.7705
494,0.494,0.8192,0.7412,0.7705
495,0.495,0.8192,0.7412,0.7705
496,0.496,0.8192,0.7412,0.7705
497,0.497,0.8192,0.7412,0.7705
498,0.498,0.8192,0.7412,0.7705
499,0.499,0.8192,0.7412,0.7705
